EyeColor,HairColor
Hazel/Green,Brown
Hazel/Green,Brown
Brown,Brown
Hazel/Green,Brown
Brown,Brown
Blue,Blonde
Blue,Brown
Hazel/Green,Brown
Blue,Brown
Brown,Red
Blue,Brown
Blue,Brown
Blue,Blonde
Hazel/Green,Brown
Blue,Red
Blue,Blonde
Blue,Blonde
Brown,Black
Blue,Brown
Blue,Blonde
Brown,Brown
Other,Brown
Brown,Brown
Blue,Blonde
Hazel/Green,Blonde
Brown,Black
Hazel/Green,Brown
Blue,Brown
Blue,Brown
Hazel/Green,Brown
Blue,Brown
Brown,Brown
Hazel/Green,Brown
Brown,Black
Blue,Blonde
Brown,Brown
Hazel/Green,Brown
Brown,Brown
Brown,Brown
Hazel/Green,Blonde
Hazel/Green,Brown
Brown,Brown
Blue,Blonde
Hazel/Green,Red
Blue,Brown
Brown,Brown
Hazel/Green,Brown
Brown,Brown
Hazel/Green,Brown
Brown,Brown
Brown,Brown
Blue,Blonde
Blue,Brown
Blue,Brown
Blue,Brown
Blue,Blonde
Brown,Black
Brown,Brown
Hazel/Green,Blonde
Blue,Brown
Brown,Black
Hazel/Green,Brown
Blue,Other
Blue,Brown
Hazel/Green,Brown
Brown,Black
Brown,Brown
Blue,Blonde
Brown,Brown
Brown,Black
Blue,Brown
Brown,Brown
Brown,Black
Brown,Brown
Brown,Red
Blue,Red
Hazel/Green,Blonde
Blue,Brown
Hazel/Green,Brown
Brown,Black
Hazel/Green,Brown
Blue,Blonde
Brown,Black
Blue,Blonde
Blue,Brown
Brown,Brown
Hazel/Green,Blonde
Brown,Brown
Hazel/Green,Brown
Hazel/Green,Blonde
Blue,Brown
Blue,Brown
Brown,Brown
Blue,Blonde
Brown,Brown
Hazel/Green,Brown
Brown,Black
Brown,Brown
Blue,Brown
Brown,Brown
Blue,Red
Blue,Blonde
Hazel/Green,Brown
Brown,Black
Brown,Black
Hazel/Green,Blonde
Hazel/Green,Blonde
Brown,Brown
Blue,Blonde
Hazel/Green,Brown
Blue,Blonde
Brown,Brown
Brown,Black
Brown,Brown
Blue,Blonde
Blue,Brown
Blue,Blonde
Brown,Black
Blue,Blonde
Brown,Brown
Brown,Brown
Blue,Brown
Brown,Brown
Brown,Blonde
Brown,Brown
Hazel/Green,Blonde
Brown,Brown
Blue,Brown
Hazel/Green,Brown
Blue,Brown
Blue,Blonde
Brown,Blonde
Blue,Blonde
Blue,Blonde
Hazel/Green,Brown
Brown,Blonde
Brown,Brown
Blue,Brown
Brown,Brown
Brown,Brown
Brown,Brown
Brown,Blonde
Blue,Brown
Blue,Brown
Hazel/Green,Other
Hazel/Green,Red
Brown,Brown
Brown,Brown
Brown,Black
Brown,Blonde
Hazel/Green,Brown
Brown,Brown
Blue,Brown
Brown,Black
Hazel/Green,Brown
Brown,Brown
Brown,Brown
Brown,Brown
Brown,Brown
Brown,Brown
Other,Black
Blue,Brown
Brown,Black
Brown,Brown
Hazel/Green,Blonde
Brown,Brown
Hazel/Green,Blonde
Hazel/Green,Blonde
Brown,Brown
Brown,Black
Hazel/Green,Brown
Blue,Brown
Hazel/Green,Black
Hazel/Green,Red
Blue,Blonde
Blue,Red
Brown,Brown
Brown,Black
Hazel/Green,Brown
Blue,Blonde
Blue,Blonde
Hazel/Green,Blonde
Hazel/Green,Brown
Brown,Red
Hazel/Green,Brown
Hazel/Green,Brown
Hazel/Green,Brown
Brown,Brown
Blue,Blonde
Brown,Black
Blue,Blonde
Hazel/Green,Brown
Blue,Blonde
Hazel/Green,Brown
Blue,Blonde
Blue,Brown
Brown,Brown
Hazel/Green,Brown
Blue,Brown
Hazel/Green,Blonde
Brown,Brown
Blue,Blonde
Hazel/Green,Brown
Brown,Brown
Hazel/Green,Brown
Brown,Brown
Blue,Brown
Brown,Black
Brown,Brown
Blue,Brown
Brown,Brown
Blue,Blonde
Brown,Black
Hazel/Green,Blonde
Hazel/Green,Brown
Hazel/Green,Blonde
Blue,Blonde
Brown,Brown
Blue,Blonde
Blue,Blonde
Blue,Brown
Brown,Black
Hazel/Green,Brown
Blue,Blonde
Blue,Brown
Blue,Brown
Blue,Brown
Blue,Brown
Blue,Blonde
Blue,Blonde
Blue,Blonde
,Blonde
Hazel/Green,Brown
Blue,Blonde
Blue,Brown
Blue,Blonde
Hazel/Green,Red
Blue,Blonde
Brown,Black
Blue,Brown
Brown,Brown
Blue,Brown
Other,Brown
Brown,Blonde
Hazel/Green,Brown
Brown,Brown
Brown,Black
Blue,Brown
Brown,Brown
Brown,Black
Blue,Blonde
Brown,Brown
Brown,Brown
Brown,Brown
Brown,Brown
Brown,Black
Blue,Blonde
Brown,Brown
Hazel/Green,Blonde
Blue,Blonde
Hazel/Green,Brown
Blue,Blonde
Blue,Brown
Hazel/Green,Brown
Blue,Brown
Blue,Blonde
Blue,Blonde
Brown,Blonde
Hazel/Green,Blonde
Blue,Brown
Blue,Blonde
Hazel/Green,Red
Brown,Brown
Other,Blonde
Blue,Blonde
Brown,Brown
Brown,Blonde
Blue,Brown
Brown,Brown
Brown,Brown
Blue,Blonde
Brown,Brown
Blue,Brown
Blue,Red
Brown,Brown
Blue,Brown
Blue,Blonde
Hazel/Green,Brown
Blue,Brown
Blue,Brown
Hazel/Green,Brown
Brown,Brown
Blue,Blonde
Hazel/Green,Brown
Brown,Brown
Blue,Red
Brown,Blonde
Brown,Brown
Hazel/Green,Blonde
Brown,Brown
Blue,Blonde
Brown,Brown
Brown,Brown
Blue,Brown
Blue,Brown
Hazel/Green,Red
Hazel/Green,Brown
Hazel/Green,Brown
Blue,Blonde
Blue,Brown
Blue,Blonde
Blue,Blonde
Other,Brown
Hazel/Green,Brown
Hazel/Green,Blonde
Blue,Blonde
Hazel/Green,Brown
Other,Blonde
Blue,Brown
Hazel/Green,Brown
Blue,Brown
Hazel/Green,Brown
Blue,Brown
Hazel/Green,Brown
Blue,Brown
Brown,Black
Hazel/Green,Brown
Hazel/Green,Blonde
Blue,Brown
Blue,Blonde
Blue,Brown
Hazel/Green,Red
Blue,Brown
Blue,Brown
Other,Red
Brown,Brown
Hazel/Green,Brown
Blue,Blonde
Hazel/Green,Brown
Hazel/Green,Blonde
Brown,Black
Hazel/Green,Blonde
Hazel/Green,Brown
Brown,Brown
Blue,Blonde
Brown,Brown
Hazel/Green,Blonde
Brown,Brown
Brown,Black
Blue,Blonde
Blue,Blonde
Hazel/Green,Blonde
Blue,Blonde
Hazel/Green,Brown
Blue,Blonde
Brown,Brown
Hazel/Green,Blonde
Blue,Brown
Blue,Brown
Blue,Brown
Hazel/Green,Blonde
Hazel/Green,Blonde
Hazel/Green,Brown
Blue,Brown
Brown,Brown
Blue,Brown
Blue,Brown
Hazel/Green,Brown
Blue,Brown
Hazel/Green,Brown
Brown,Brown
Brown,Brown
Brown,Black
Brown,Brown
Hazel/Green,Blonde
Hazel/Green,Brown
Blue,Brown
Brown,Black
Brown,Brown
Blue,Brown
Hazel/Green,Brown
Hazel/Green,Brown
Hazel/Green,Blonde
Hazel/Green,Brown
Brown,Brown
Blue,Blonde
Blue,Blonde
Brown,Brown
Brown,Brown
Hazel/Green,Blonde
Brown,Brown
Brown,Brown
Hazel/Green,Brown
Blue,Blonde
Blue,Blonde
Brown,Brown
Blue,Blonde
Brown,Brown
Blue,Brown
Brown,Black
Hazel/Green,Brown
Hazel/Green,Blonde
Brown,Brown
Hazel/Green,Blonde
Blue,Brown
Brown,Black
Hazel/Green,Brown
Blue,Blonde
Brown,Black
Brown,Black
Blue,Brown
Blue,Blonde
Blue,Red
Brown,Brown
Blue,Brown
Hazel/Green,Brown
Hazel/Green,Brown
Blue,Blonde
Other,Blonde
Blue,Blonde
Blue,Brown
Brown,Brown
Hazel/Green,Brown
Brown,Brown
Brown,Black
Hazel/Green,Brown
Blue,Brown
Brown,Brown
Blue,Brown
Blue,Brown
Hazel/Green,Brown
Blue,Blonde
Hazel/Green,Brown
Blue,Brown
Brown,Black
Blue,Blonde
Hazel/Green,Blonde
Blue,Brown
Blue,Blonde
Hazel/Green,Brown
Blue,Brown
Blue,Blonde
Brown,Brown
Hazel/Green,Brown
Brown,Brown
Brown,Brown
Hazel/Green,Brown
Blue,Red
Blue,Red
Blue,Brown
Blue,Brown
Blue,Blonde
Brown,Brown
Brown,Black
Blue,Brown
Blue,Blonde
Blue,Blonde
Blue,Blonde
Hazel/Green,Brown
Brown,Brown
Blue,Blonde
Hazel/Green,Brown
Blue,Brown
Brown,Brown
Blue,Brown
Blue,Blonde
Blue,Blonde
Blue,Brown
Hazel/Green,Red
Blue,Brown
Hazel/Green,Brown
Hazel/Green,Blonde
Blue,Blonde
Brown,Brown
Brown,Brown
Hazel/Green,Blonde
Blue,Brown
Blue,Brown
Blue,Blonde
Blue,Brown
Brown,Brown
Blue,Blonde
Blue,Brown
Blue,Blonde
Brown,Brown
Brown,Brown
Hazel/Green,Brown
Hazel/Green,Red
Blue,Brown
Blue,Blonde
Hazel/Green,Brown
Hazel/Green,Brown
Brown,Brown
Brown,Brown
Brown,Brown
Brown,Black
Blue,Brown
Other,Black
Brown,Brown
Blue,Black
Brown,Brown
Brown,Brown
Other,Black
Hazel/Green,Brown
Brown,Brown
Brown,Brown
Blue,Brown
Hazel/Green,Brown
Brown,Black
